集計年,集計月,都道府県コード,都道府県名,表示内容コード,表示内容名,表示分類コード,表示分類名,施設数（施設）,延べ宿泊者数（総数：人泊）,延べ宿泊者数（日本人：人泊）,延べ宿泊者数（外国人：人泊）,定員稼働率（％）,客室稼働率（％）,延べ宿泊者数（総数）前年同月比,延べ宿泊者数（日本人）前年同月比,延べ宿泊者数（外国人）前年同月比
2018,1,18,福井県,1,従業者規模別で表示する,100,すべての従業者規模,840,249600,245230,4370,20.9,33.9,0.0213,0.0243,-0.1207
2018,1,18,福井県,1,従業者規模別で表示する,101,0～9人,717,50160,-,-,8.4,14.6,0.0589,-,-
2018,1,18,福井県,1,従業者規模別で表示する,102,10～29人,67,55030,-,-,29.3,45.2,0.0432,-,-
2018,1,18,福井県,1,従業者規模別で表示する,103,30～99人,50,104640,-,-,34.4,52.8,-0.0612,-,-
2018,1,18,福井県,1,従業者規模別で表示する,104,100人以上,6,39760,-,-,38.1,52.2,0.2118,-,-
2018,1,18,福井県,2,宿泊施設タイプ別で表示する,200,すべての宿泊施設タイプ,840,249600,245230,4370,20.9,33.9,0.0213,0.0243,-0.1207
2018,1,18,福井県,2,宿泊施設タイプ別で表示する,201,旅館,500,119260,117780,1480,15,20.9,-0.0619,-0.062,-0.0573
2018,1,18,福井県,2,宿泊施設タイプ別で表示する,202,リゾートホテル,10,16830,16010,820,29.5,44.4,-0.055,-0.0425,-0.2477
2018,1,18,福井県,2,宿泊施設タイプ別で表示する,203,ビジネスホテル,70,93080,91770,1310,50.6,56.6,0.1727,0.1794,-0.1603
2018,1,18,福井県,2,宿泊施設タイプ別で表示する,204,シティホテル,10,11870,11330,540,31,44.3,0.0791,0.0905,-0.1148
2018,1,18,福井県,2,宿泊施設タイプ別で表示する,205,会社・団体の宿泊所,10,1400,1400,0,19.1,9.1,-0.6752,-0.6752,-
2018,1,18,福井県,2,宿泊施設タイプ別で表示する,207,簡易宿所,240,7160,6940,220,6.5,13.1,0.501,0.4957,0.6923
2018,2,18,福井県,1,従業者規模別で表示する,100,すべての従業者規模,839,238260,232250,6010,22.3,40.5,-0.0651,-0.0707,0.2191
2018,2,18,福井県,1,従業者規模別で表示する,101,0～9人,716,52760,-,-,9.8,18.2,0.0588,-,-
2018,2,18,福井県,1,従業者規模別で表示する,102,10～29人,67,49610,-,-,31.6,53.8,-0.0774,-,-
2018,2,18,福井県,1,従業者規模別で表示する,103,30～99人,50,103620,-,-,37.1,66.6,-0.1222,-,-
2018,2,18,福井県,1,従業者規模別で表示する,104,100人以上,6,32280,-,-,34.3,48.8,-0.028,-,-
2018,2,18,福井県,2,宿泊施設タイプ別で表示する,200,すべての宿泊施設タイプ,839,238260,232250,6010,22.3,40.5,-0.0651,-0.0707,0.2191
2018,2,18,福井県,2,宿泊施設タイプ別で表示する,201,旅館,510,113430,110390,3040,15.4,23.6,-0.1341,-0.146,0.7572
2018,2,18,福井県,2,宿泊施設タイプ別で表示する,202,リゾートホテル,10,14520,13660,860,29.8,46.7,-0.2048,-0.2016,-0.2522
2018,2,18,福井県,2,宿泊施設タイプ別で表示する,203,ビジネスホテル,70,88810,87560,1250,62.5,75.3,0.0443,0.0465,-0.0876
2018,2,18,福井県,2,宿泊施設タイプ別で表示する,204,シティホテル,10,14250,13540,710,38.2,56,0.2015,0.2025,0.1833
2018,2,18,福井県,2,宿泊施設タイプ別で表示する,205,会社・団体の宿泊所,20,1020,1020,0,14.3,7.4,-0.7159,-0.7159,-
2018,2,18,福井県,2,宿泊施設タイプ別で表示する,207,簡易宿所,220,6220,6060,160,6.4,15.8,0.2125,0.2,1
2018,3,18,福井県,1,従業者規模別で表示する,100,すべての従業者規模,838,322200,317150,5050,27.1,46,0.0423,0.0389,0.3117
2018,3,18,福井県,1,従業者規模別で表示する,101,0～9人,715,72900,-,-,12.2,20.1,0.1355,-,-
2018,3,18,福井県,1,従業者規模別で表示する,102,10～29人,67,61090,-,-,35.4,60.3,-0.0931,-,-
2018,3,18,福井県,1,従業者規模別で表示する,103,30～99人,50,143100,-,-,45.4,75.6,0.037,-,-
2018,3,18,福井県,1,従業者規模別で表示する,104,100人以上,6,45110,-,-,43.3,59.7,0.14,-,-
2018,3,18,福井県,2,宿泊施設タイプ別で表示する,200,すべての宿泊施設タイプ,838,322200,317150,5050,27.1,46,0.0423,0.0389,0.3117
2018,3,18,福井県,2,宿泊施設タイプ別で表示する,201,旅館,500,152760,150690,2070,19,26.1,-0.0764,-0.0804,0.3442
2018,3,18,福井県,2,宿泊施設タイプ別で表示する,202,リゾートホテル,10,23560,23310,250,35.4,50.8,0.0719,0.0712,0.1364
2018,3,18,福井県,2,宿泊施設タイプ別で表示する,203,ビジネスホテル,80,114000,112260,1740,68.4,82,0.2117,0.2087,0.45
2018,3,18,福井県,2,宿泊施設タイプ別で表示する,204,シティホテル,10,16190,15830,360,51.2,75.4,0.2416,0.2435,0.1613
2018,3,18,福井県,2,宿泊施設タイプ別で表示する,205,会社・団体の宿泊所,20,1980,1980,0,24.7,11.1,-0.4391,-0.4391,-
2018,3,18,福井県,2,宿泊施設タイプ別で表示する,207,簡易宿所,220,13710,13070,640,12,25,0.2351,0.2424,0.1034
2018,4,18,福井県,1,従業者規模別で表示する,100,すべての従業者規模,843,273320,262260,11060,23.5,45.8,0.1224,0.1147,0.3439
2018,4,18,福井県,1,従業者規模別で表示する,101,0～9人,720,54690,-,-,9.5,21.9,0.1856,-,-
2018,4,18,福井県,1,従業者規模別で表示する,102,10～29人,67,60750,-,-,33.7,56.9,0.3081,-,-
2018,4,18,福井県,1,従業者規模別で表示する,103,30～99人,50,123060,-,-,40,72.2,0.0683,-,-
2018,4,18,福井県,1,従業者規模別で表示する,104,100人以上,6,34810,-,-,34.5,52.4,-0.026,-,-
2018,4,18,福井県,2,宿泊施設タイプ別で表示する,200,すべての宿泊施設タイプ,843,273320,262260,11060,23.5,45.8,0.1224,0.1147,0.3439
2018,4,18,福井県,2,宿泊施設タイプ別で表示する,201,旅館,470,109330,104210,5120,14.8,26.8,-0.1053,-0.1167,0.2133
2018,4,18,福井県,2,宿泊施設タイプ別で表示する,202,リゾートホテル,10,13450,12860,590,26,49.9,0.2846,0.3109,-0.1061
2018,4,18,福井県,2,宿泊施設タイプ別で表示する,203,ビジネスホテル,80,122160,118640,3520,62,75.4,0.3332,0.3253,0.6682
2018,4,18,福井県,2,宿泊施設タイプ別で表示する,204,シティホテル,10,14960,14080,880,42.2,61,0.4153,0.4651,-0.0833
2018,4,18,福井県,2,宿泊施設タイプ別で表示する,205,会社・団体の宿泊所,30,1930,1930,0,10.4,17,-0.3082,-0.3082,-
2018,4,18,福井県,2,宿泊施設タイプ別で表示する,207,簡易宿所,240,11490,10540,950,9.7,22.6,0.9641,0.8923,2.3929
2018,5,18,福井県,1,従業者規模別で表示する,100,すべての従業者規模,846,298540,289930,8610,24.7,46,0.0432,0.0356,0.3887
2018,5,18,福井県,1,従業者規模別で表示する,101,0～9人,723,73860,-,-,12.3,22.7,0.1698,-,-
2018,5,18,福井県,1,従業者規模別で表示する,102,10～29人,67,63990,-,-,35,58.6,0.0278,-,-
2018,5,18,福井県,1,従業者規模別で表示する,103,30～99人,50,128250,-,-,39.8,72.4,0.0186,-,-
2018,5,18,福井県,1,従業者規模別で表示する,104,100人以上,6,32440,-,-,31.1,48.7,-0.0694,-,-
2018,5,18,福井県,2,宿泊施設タイプ別で表示する,200,すべての宿泊施設タイプ,846,298540,289930,8610,24.7,46,0.0432,0.0356,0.3887
2018,5,18,福井県,2,宿泊施設タイプ別で表示する,201,旅館,470,132690,128500,4190,17.1,28.3,-0.0595,-0.0692,0.3828
2018,5,18,福井県,2,宿泊施設タイプ別で表示する,202,リゾートホテル,10,16850,16500,350,29.8,55.2,0.0262,0.0135,1.5
2018,5,18,福井県,2,宿泊施設タイプ別で表示する,203,ビジネスホテル,80,116820,114150,2670,62.2,76.8,0.1037,0.0952,0.6584
2018,5,18,福井県,2,宿泊施設タイプ別で表示する,204,シティホテル,10,16890,16240,650,43.9,62.4,0.2972,0.3086,0.0656
2018,5,18,福井県,2,宿泊施設タイプ別で表示する,205,会社・団体の宿泊所,30,1510,1510,0,7.7,5.4,-0.4757,-0.4757,-
2018,5,18,福井県,2,宿泊施設タイプ別で表示する,207,簡易宿所,250,13790,13040,750,10.8,23.8,0.9899,1.1307,-0.0741
2018,6,18,福井県,1,従業者規模別で表示する,100,すべての従業者規模,846,289420,282680,6740,24.5,47,0.2418,0.2355,0.5785
2018,6,18,福井県,1,従業者規模別で表示する,101,0～9人,723,75110,-,-,12.7,25.1,0.5395,-,-
2018,6,18,福井県,1,従業者規模別で表示する,102,10～29人,67,67210,-,-,34.9,60.1,0.3855,-,-
2018,6,18,福井県,1,従業者規模別で表示する,103,30～99人,50,115560,-,-,38.8,71.4,0.1221,-,-
2018,6,18,福井県,1,従業者規模別で表示する,104,100人以上,6,31540,-,-,31.3,46.8,-0.0378,-,-
2018,6,18,福井県,2,宿泊施設タイプ別で表示する,200,すべての宿泊施設タイプ,846,289420,282680,6740,24.5,47,0.2418,0.2355,0.5785
2018,6,18,福井県,2,宿泊施設タイプ別で表示する,201,旅館,480,131040,128410,2630,17,29.8,0.1292,0.1242,0.4372
2018,6,18,福井県,2,宿泊施設タイプ別で表示する,202,リゾートホテル,10,10660,10560,100,27.5,50.5,-0.0818,-0.0647,-0.6875
2018,6,18,福井県,2,宿泊施設タイプ別で表示する,203,ビジネスホテル,70,122830,119720,3110,62.1,77.2,0.4086,0.3989,0.9198
2018,6,18,福井県,2,宿泊施設タイプ別で表示する,204,シティホテル,10,13200,12630,570,43.1,69.9,0.3293,0.3061,1.1923
2018,6,18,福井県,2,宿泊施設タイプ別で表示する,205,会社・団体の宿泊所,30,1460,1460,0,7.7,6.2,-0.27,-0.27,-
2018,6,18,福井県,2,宿泊施設タイプ別で表示する,207,簡易宿所,250,10230,9900,330,8.1,18.3,0.6316,0.6418,0.375
2018,7,18,福井県,1,従業者規模別で表示する,100,すべての従業者規模,847,354910,349010,5900,29.2,48.8,0.0959,0.0942,0.2016
2018,7,18,福井県,1,従業者規模別で表示する,101,0～9人,724,94220,-,-,15.8,26,0.0832,-,-
2018,7,18,福井県,1,従業者規模別で表示する,102,10～29人,67,73090,-,-,38.9,62.6,0.2353,-,-
2018,7,18,福井県,1,従業者規模別で表示する,103,30～99人,50,152210,-,-,46.3,72.7,0.091,-,-
2018,7,18,福井県,1,従業者規模別で表示する,104,100人以上,6,35390,-,-,34,48.8,-0.0731,-,-
2018,7,18,福井県,2,宿泊施設タイプ別で表示する,200,すべての宿泊施設タイプ,847,354910,349010,5900,29.2,48.8,0.0959,0.0942,0.2016
2018,7,18,福井県,2,宿泊施設タイプ別で表示する,201,旅館,490,171310,169830,1480,21.6,32.4,-0.0014,-0.0014,0
2018,7,18,福井県,2,宿泊施設タイプ別で表示する,202,リゾートホテル,10,24990,24800,190,43,58.6,0.1087,0.1071,0.3571
2018,7,18,福井県,2,宿泊施設タイプ別で表示する,203,ビジネスホテル,60,122220,118900,3320,64.4,77.9,0.2281,0.2194,0.6517
2018,7,18,福井県,2,宿泊施設タイプ別で表示する,204,シティホテル,10,17950,17430,520,45.5,64.1,0.1701,0.1922,-0.2778
2018,7,18,福井県,2,宿泊施設タイプ別で表示する,205,会社・団体の宿泊所,30,2130,2130,0,10.7,7.6,0.8684,0.8684,-
2018,7,18,福井県,2,宿泊施設タイプ別で表示する,207,簡易宿所,240,16310,15930,380,13.8,25.1,0.1845,0.2059,-0.3214
2018,8,18,福井県,1,従業者規模別で表示する,100,すべての従業者規模,847,545320,539950,5370,45.2,62.4,0.0899,0.0855,0.8203
2018,8,18,福井県,1,従業者規模別で表示する,101,0～9人,724,167280,-,-,28,37,0.1939,-,-
2018,8,18,福井県,1,従業者規模別で表示する,102,10～29人,67,106460,-,-,57,76.6,0.1146,-,-
2018,8,18,福井県,1,従業者規模別で表示する,103,30～99人,50,214900,-,-,67.2,88.3,0.0368,-,-
2018,8,18,福井県,1,従業者規模別で表示する,104,100人以上,6,56680,-,-,54.4,73.8,-0.0139,-,-
2018,8,18,福井県,2,宿泊施設タイプ別で表示する,200,すべての宿泊施設タイプ,847,545320,539950,5370,45.2,62.4,0.0899,0.0855,0.8203
2018,8,18,福井県,2,宿泊施設タイプ別で表示する,201,旅館,490,305210,303690,1520,38.4,48,0.0749,0.0725,0.9
2018,8,18,福井県,2,宿泊施設タイプ別で表示する,202,リゾートホテル,10,29660,29440,220,72.7,83.7,-0.1557,-0.1608,3.4
2018,8,18,福井県,2,宿泊施設タイプ別で表示する,203,ビジネスホテル,50,153840,151520,2320,82.4,91,0.1718,0.1676,0.5263
2018,8,18,福井県,2,宿泊施設タイプ別で表示する,204,シティホテル,10,27970,27520,450,68.8,79.2,0.1737,0.1701,0.4516
2018,8,18,福井県,2,宿泊施設タイプ別で表示する,205,会社・団体の宿泊所,30,2050,2050,0,9.6,7.5,0.3851,0.3851,-
2018,8,18,福井県,2,宿泊施設タイプ別で表示する,207,簡易宿所,260,26590,25730,860,21.4,31.2,0.077,0.0536,2.1852
2018,9,18,福井県,1,従業者規模別で表示する,100,すべての従業者規模,847,370370,366500,3870,30.6,53.7,0.2399,0.2384,0.3921
2018,9,18,福井県,1,従業者規模別で表示する,101,0～9人,724,106600,-,-,17.4,31.3,0.6886,-,-
2018,9,18,福井県,1,従業者規模別で表示する,102,10～29人,67,74620,-,-,40.8,65,0.0774,-,-
2018,9,18,福井県,1,従業者規模別で表示する,103,30～99人,50,149780,-,-,47.7,79,0.1338,-,-
2018,9,18,福井県,1,従業者規模別で表示する,104,100人以上,6,39370,-,-,39,55.5,0.1505,-,-
2018,9,18,福井県,2,宿泊施設タイプ別で表示する,200,すべての宿泊施設タイプ,847,370370,366500,3870,30.6,53.7,0.2399,0.2384,0.3921
2018,9,18,福井県,2,宿泊施設タイプ別で表示する,201,旅館,510,184810,183480,1330,23.1,37,0.2684,0.2632,1.9556
2018,9,18,福井県,2,宿泊施設タイプ別で表示する,202,リゾートホテル,10,20820,20740,80,35.6,60.3,0.0699,0.0757,-0.5556
2018,9,18,福井県,2,宿泊施設タイプ別で表示する,203,ビジネスホテル,50,127000,125470,1530,69.6,83.7,0.1871,0.1884,0.0929
2018,9,18,福井県,2,宿泊施設タイプ別で表示する,204,シティホテル,10,20400,20110,290,51.6,72.9,0.1923,0.2064,-0.3409
2018,9,18,福井県,2,宿泊施設タイプ別で表示する,205,会社・団体の宿泊所,40,1440,1440,0,6.6,9.8,0.7143,0.7143,-
2018,9,18,福井県,2,宿泊施設タイプ別で表示する,207,簡易宿所,230,15890,15250,640,14.6,27.6,0.8434,0.8351,1.0645
2018,10,18,福井県,1,従業者規模別で表示する,100,すべての従業者規模,848,403040,397980,5060,33.5,56.9,0.3994,0.4132,-0.2081
2018,10,18,福井県,1,従業者規模別で表示する,101,0～9人,724,104260,-,-,17.6,30.2,0.959,-,-
2018,10,18,福井県,1,従業者規模別で表示する,102,10～29人,68,86940,-,-,43.6,69.4,0.3922,-,-
2018,10,18,福井県,1,従業者規模別で表示する,103,30～99人,50,163370,-,-,51,83.1,0.2376,-,-
2018,10,18,福井県,1,従業者規模別で表示する,104,100人以上,6,48470,-,-,53.8,62.7,0.2021,-,-
2018,10,18,福井県,2,宿泊施設タイプ別で表示する,200,すべての宿泊施設タイプ,848,403040,397980,5060,33.5,56.9,0.3994,0.4132,-0.2081
2018,10,18,福井県,2,宿泊施設タイプ別で表示する,201,旅館,490,200360,198670,1690,26.2,39,0.4548,0.4756,-0.4513
2018,10,18,福井県,2,宿泊施設タイプ別で表示する,202,リゾートホテル,10,20590,20510,80,39.8,72.5,0.2853,0.303,-0.7143
2018,10,18,福井県,2,宿泊施設タイプ別で表示する,203,ビジネスホテル,80,140520,137670,2850,69.7,84.7,0.3128,0.3074,0.6379
2018,10,18,福井県,2,宿泊施設タイプ別で表示する,204,シティホテル,10,21800,21510,290,55.1,77.8,0.2749,0.3196,-0.6375
2018,10,18,福井県,2,宿泊施設タイプ別で表示する,205,会社・団体の宿泊所,30,2590,2590,0,12.9,16.9,1.123,1.123,-
2018,10,18,福井県,2,宿泊施設タイプ別で表示する,207,簡易宿所,230,17170,17030,140,13.8,29.3,0.9292,1.0226,-0.7083
2018,11,18,福井県,1,従業者規模別で表示する,100,すべての従業者規模,847,368060,360420,7640,31.7,56,0.1337,0.1315,0.2504
2018,11,18,福井県,1,従業者規模別で表示する,101,0～9人,723,96100,-,-,17,30.9,0.5369,-,-
2018,11,18,福井県,1,従業者規模別で表示する,102,10～29人,68,80860,-,-,41.3,68.7,0.1926,-,-
2018,11,18,福井県,1,従業者規模別で表示する,103,30～99人,50,144600,-,-,48.3,82,0.0039,-,-
2018,11,18,福井県,1,従業者規模別で表示する,104,100人以上,6,46500,-,-,46.1,65.3,-0.0752,-,-
2018,11,18,福井県,2,宿泊施設タイプ別で表示する,200,すべての宿泊施設タイプ,847,368060,360420,7640,31.7,56,0.1337,0.1315,0.2504
2018,11,18,福井県,2,宿泊施設タイプ別で表示する,201,旅館,480,169460,167150,2310,23.2,35.7,0.0354,0.0344,0.1159
2018,11,18,福井県,2,宿泊施設タイプ別で表示する,202,リゾートホテル,10,19710,19370,340,34.2,62.9,0.1334,0.1281,0.5455
2018,11,18,福井県,2,宿泊施設タイプ別で表示する,203,ビジネスホテル,80,139370,135430,3940,68.6,86,0.2594,0.2526,0.5512
2018,11,18,福井県,2,宿泊施設タイプ別で表示する,204,シティホテル,10,20180,19270,910,51.7,73.9,0.2019,0.2188,-0.0714
2018,11,18,福井県,2,宿泊施設タイプ別で表示する,205,会社・団体の宿泊所,20,2250,2250,0,27.4,18.2,0.0135,0.0135,-
2018,11,18,福井県,2,宿泊施設タイプ別で表示する,207,簡易宿所,240,17090,16960,130,13.9,34.2,0.226,0.2434,-0.5667
2018,12,18,福井県,1,従業者規模別で表示する,100,すべての従業者規模,847,343910,337730,6180,28,48.6,0.2281,0.2306,0.1055
2018,12,18,福井県,1,従業者規模別で表示する,101,0～9人,723,92610,-,-,15.3,28.2,1.1821,-,-
2018,12,18,福井県,1,従業者規模別で表示する,102,10～29人,68,69320,-,-,34.3,56,0.1825,-,-
2018,12,18,福井県,1,従業者規模別で表示する,103,30～99人,50,133490,-,-,42.3,70.2,0.0524,-,-
2018,12,18,福井県,1,従業者規模別で表示する,104,100人以上,6,48500,-,-,46.5,65.7,-0.07,-,-
2018,12,18,福井県,2,宿泊施設タイプ別で表示する,200,すべての宿泊施設タイプ,847,343910,337730,6180,28,48.6,0.2281,0.2306,0.1055
2018,12,18,福井県,2,宿泊施設タイプ別で表示する,201,旅館,490,174130,171790,2340,22.1,34.3,0.2518,0.2542,0.0986
2018,12,18,福井県,2,宿泊施設タイプ別で表示する,202,リゾートホテル,10,17670,17280,390,27.3,44.8,-0.0172,-0.0193,0.0833
2018,12,18,福井県,2,宿泊施設タイプ別で表示する,203,ビジネスホテル,80,122130,119550,2580,59.6,74.5,0.2644,0.2662,0.1889
2018,12,18,福井県,2,宿泊施設タイプ別で表示する,204,シティホテル,10,16290,15720,570,40.6,58.7,0.2407,0.2437,0.1633
2018,12,18,福井県,2,宿泊施設タイプ別で表示する,205,会社・団体の宿泊所,20,2540,2540,0,28.8,21.6,0.1981,0.1981,-
2018,12,18,福井県,2,宿泊施設タイプ別で表示する,207,簡易宿所,240,11150,10840,310,9.1,20.1,0.0027,0.015,-0.2955
2019,1,18,福井県,1,従業者規模別で表示する,100,すべての従業者規模,842,272100,264940,7160,21.6,38.5,0.0901,0.0804,0.6384
2019,1,18,福井県,1,従業者規模別で表示する,101,0～9人,718,60970,-,-,9.5,17.7,0.2155,-,-
2019,1,18,福井県,1,従業者規模別で表示する,102,10～29人,68,55950,-,-,29,49,0.0167,-,-
2019,1,18,福井県,1,従業者規模別で表示する,103,30～99人,49,113020,-,-,37.1,58.8,0.0801,-,-
2019,1,18,福井県,1,従業者規模別で表示する,104,100人以上,7,42170,-,-,35.8,50.5,0.0606,-,-
2019,1,18,福井県,2,宿泊施設タイプ別で表示する,200,すべての宿泊施設タイプ,842,272100,264940,7160,21.6,38.5,0.0901,0.0804,0.6384
2019,1,18,福井県,2,宿泊施設タイプ別で表示する,201,旅館,470,124410,122370,2040,18.5,28.1,0.0432,0.039,0.3784
2019,1,18,福井県,2,宿泊施設タイプ別で表示する,202,リゾートホテル,20,23560,22420,1140,27.8,34.3,0.3999,0.4004,0.3902
2019,1,18,福井県,2,宿泊施設タイプ別で表示する,203,ビジネスホテル,60,101120,98580,2540,50.5,60.8,0.0864,0.0742,0.9389
2019,1,18,福井県,2,宿泊施設タイプ別で表示する,204,シティホテル,10,14090,13530,560,32.6,45,0.187,0.1942,0.037
2019,1,18,福井県,2,宿泊施設タイプ別で表示する,205,会社・団体の宿泊所,-,-,-,-,-,-,-,-,-
2019,1,18,福井県,2,宿泊施設タイプ別で表示する,207,簡易宿所,280,8930,8060,870,3.5,9,0.2472,0.1614,2.9545
2019,2,18,福井県,1,従業者規模別で表示する,100,すべての従業者規模,841,294390,284680,9710,27.3,47.1,0.2356,0.2257,0.6156
2019,2,18,福井県,1,従業者規模別で表示する,101,0～9人,717,69260,-,-,13.3,23.6,0.3127,-,-
2019,2,18,福井県,1,従業者規模別で表示する,102,10～29人,68,60430,-,-,34.3,56.1,0.2181,-,-
2019,2,18,福井県,1,従業者規模別で表示する,103,30～99人,49,118930,-,-,43.3,70.8,0.1478,-,-
2019,2,18,福井県,1,従業者規模別で表示する,104,100人以上,7,45760,-,-,43,60.5,0.4176,-,-
2019,2,18,福井県,2,宿泊施設タイプ別で表示する,200,すべての宿泊施設タイプ,841,294390,284680,9710,27.3,47.1,0.2356,0.2257,0.6156
2019,2,18,福井県,2,宿泊施設タイプ別で表示する,201,旅館,460,130690,127390,3300,22,33.6,0.1522,0.154,0.0855
2019,2,18,福井県,2,宿泊施設タイプ別で表示する,202,リゾートホテル,20,27160,25830,1330,33.8,40.6,0.8705,0.8909,0.5465
2019,2,18,福井県,2,宿泊施設タイプ別で表示する,203,ビジネスホテル,70,109450,105760,3690,59.1,73.8,0.2324,0.2079,1.952
2019,2,18,福井県,2,宿泊施設タイプ別で表示する,204,シティホテル,10,16320,15340,980,40.9,55.7,0.1453,0.1329,0.3803
2019,2,18,福井県,2,宿泊施設タイプ別で表示する,205,会社・団体の宿泊所,-,-,-,-,-,-,-,-,-
2019,2,18,福井県,2,宿泊施設タイプ別で表示する,207,簡易宿所,280,10770,10350,420,6,11.3,0.7315,0.7079,1.625
2019,3,18,福井県,1,従業者規模別で表示する,100,すべての従業者規模,841,335030,329090,5940,26.6,49.3,0.0398,0.0376,0.1762
2019,3,18,福井県,1,従業者規模別で表示する,101,0～9人,717,63220,-,-,9.9,21.9,-0.1328,-,-
2019,3,18,福井県,1,従業者規模別で表示する,102,10～29人,68,76760,-,-,39.1,63,0.2565,-,-
2019,3,18,福井県,1,従業者規模別で表示する,103,30～99人,49,144240,-,-,47.2,75.7,0.008,-,-
2019,3,18,福井県,1,従業者規模別で表示する,104,100人以上,7,50820,-,-,41.6,59.4,0.1266,-,-
2019,3,18,福井県,2,宿泊施設タイプ別で表示する,200,すべての宿泊施設タイプ,841,335030,329090,5940,26.6,49.3,0.0398,0.0376,0.1762
2019,3,18,福井県,2,宿泊施設タイプ別で表示する,201,旅館,460,149060,147120,1940,22.3,34.3,-0.0242,-0.0237,-0.0628
2019,3,18,福井県,2,宿泊施設タイプ別で表示する,202,リゾートホテル,20,18920,18570,350,26.3,37.6,-0.1969,-0.2033,0.4
2019,3,18,福井県,2,宿泊施設タイプ別で表示する,203,ビジネスホテル,60,139270,136550,2720,66,80.8,0.2217,0.2164,0.5632
2019,3,18,福井県,2,宿泊施設タイプ別で表示する,204,シティホテル,10,17020,16570,450,48.7,62.8,0.0513,0.0467,0.25
2019,3,18,福井県,2,宿泊施設タイプ別で表示する,205,会社・団体の宿泊所,-,-,-,-,-,-,-,-,-
2019,3,18,福井県,2,宿泊施設タイプ別で表示する,207,簡易宿所,290,10760,10270,490,3.9,8.3,-0.2152,-0.2142,-0.2344
2019,4,18,福井県,1,従業者規模別で表示する,100,すべての従業者規模,836,321490,310110,11380,27.1,49.9,0.1762,0.1825,0.0289
2019,4,18,福井県,1,従業者規模別で表示する,101,0～9人,714,73820,-,-,12.6,24.6,0.3498,-,-
2019,4,18,福井県,1,従業者規模別で表示する,102,10～29人,67,75320,-,-,40.3,63.7,0.2398,-,-
2019,4,18,福井県,1,従業者規模別で表示する,103,30～99人,48,127400,-,-,42.6,72.4,0.0353,-,-
2019,4,18,福井県,1,従業者規模別で表示する,104,100人以上,7,44940,-,-,39.4,64.8,0.291,-,-
2019,4,18,福井県,2,宿泊施設タイプ別で表示する,200,すべての宿泊施設タイプ,836,321490,310110,11380,27.1,49.9,0.1762,0.1825,0.0289
2019,4,18,福井県,2,宿泊施設タイプ別で表示する,201,旅館,440,134180,128800,5380,21.6,34.6,0.2273,0.236,0.0508
2019,4,18,福井県,2,宿泊施設タイプ別で表示する,202,リゾートホテル,20,15840,15500,340,23.1,38.6,0.1777,0.2053,-0.4237
2019,4,18,福井県,2,宿泊施設タイプ別で表示する,203,ビジネスホテル,80,131730,128240,3490,67,80.7,0.0783,0.0809,-0.0085
2019,4,18,福井県,2,宿泊施設タイプ別で表示する,204,シティホテル,10,19680,18770,910,47,64.3,0.3155,0.3331,0.0341
2019,4,18,福井県,2,宿泊施設タイプ別で表示する,205,会社・団体の宿泊所,10,140,140,0,1.5,1.3,-0.9275,-0.9275,-
2019,4,18,福井県,2,宿泊施設タイプ別で表示する,207,簡易宿所,260,19910,18640,1270,8.3,12.5,0.7328,0.7685,0.3368
2019,5,18,福井県,1,従業者規模別で表示する,100,すべての従業者規模,841,332840,323810,9030,26.8,50.2,0.1149,0.1169,0.0488
2019,5,18,福井県,1,従業者規模別で表示する,101,0～9人,719,83510,-,-,13.1,27.6,0.1307,-,-
2019,5,18,福井県,1,従業者規模別で表示する,102,10～29人,67,79880,-,-,40.9,62.6,0.2483,-,-
2019,5,18,福井県,1,従業者規模別で表示する,103,30～99人,48,128130,-,-,44.1,72.3,-0.0009,-,-
2019,5,18,福井県,1,従業者規模別で表示する,104,100人以上,7,41320,-,-,35.1,60.3,0.2737,-,-
2019,5,18,福井県,2,宿泊施設タイプ別で表示する,200,すべての宿泊施設タイプ,841,332840,323810,9030,26.8,50.2,0.1149,0.1169,0.0488
2019,5,18,福井県,2,宿泊施設タイプ別で表示する,201,旅館,460,141730,137270,4460,21.8,35.6,0.0681,0.0682,0.0644
2019,5,18,福井県,2,宿泊施設タイプ別で表示する,202,リゾートホテル,20,15000,14760,240,27.9,47.9,-0.1098,-0.1055,-0.3143
2019,5,18,福井県,2,宿泊施設タイプ別で表示する,203,ビジネスホテル,80,139330,136560,2770,64.9,78.6,0.1927,0.1963,0.0375
2019,5,18,福井県,2,宿泊施設タイプ別で表示する,204,シティホテル,10,19210,18360,850,43.1,57.3,0.1374,0.1305,0.3077
2019,5,18,福井県,2,宿泊施設タイプ別で表示する,205,会社・団体の宿泊所,10,350,350,0,3.4,3.2,-0.7682,-0.7682,-
2019,5,18,福井県,2,宿泊施設タイプ別で表示する,207,簡易宿所,240,17230,16520,710,6.7,14.8,0.2495,0.2669,-0.0533
2019,6,18,福井県,1,従業者規模別で表示する,100,すべての従業者規模,842,282830,274190,8640,23.2,47.5,-0.0228,-0.03,0.2819
2019,6,18,福井県,1,従業者規模別で表示する,101,0～9人,719,59750,-,-,9.5,23.7,-0.2045,-,-
2019,6,18,福井県,1,従業者規模別で表示する,102,10～29人,67,72900,-,-,37.5,63.1,0.0847,-,-
2019,6,18,福井県,1,従業者規模別で表示する,103,30～99人,49,109680,-,-,38.7,69.6,-0.0509,-,-
2019,6,18,福井県,1,従業者規模別で表示する,104,100人以上,7,40500,-,-,35.5,60.3,0.2841,-,-
2019,6,18,福井県,2,宿泊施設タイプ別で表示する,200,すべての宿泊施設タイプ,842,282830,274190,8640,23.2,47.5,-0.0228,-0.03,0.2819
2019,6,18,福井県,2,宿泊施設タイプ別で表示する,201,旅館,450,115420,112970,2450,18.1,32.2,-0.1192,-0.1202,-0.0684
2019,6,18,福井県,2,宿泊施設タイプ別で表示する,202,リゾートホテル,20,11960,11640,320,21.3,38,0.122,0.1023,2.2
2019,6,18,福井県,2,宿泊施設タイプ別で表示する,203,ビジネスホテル,80,126520,122250,4270,61.3,77.9,0.03,0.0211,0.373
2019,6,18,福井県,2,宿泊施設タイプ別で表示する,204,シティホテル,10,18800,18180,620,41.6,59.8,0.4242,0.4394,0.0877
2019,6,18,福井県,2,宿泊施設タイプ別で表示する,205,会社・団体の宿泊所,10,0,0,0,0,0,-1,-1,-
2019,6,18,福井県,2,宿泊施設タイプ別で表示する,207,簡易宿所,250,10130,9150,980,4,10.3,-0.0098,-0.0758,1.9697
2019,7,18,福井県,1,従業者規模別で表示する,100,すべての従業者規模,841,371370,364950,6420,29.9,53.5,0.0464,0.0457,0.0881
2019,7,18,福井県,1,従業者規模別で表示する,101,0～9人,718,99480,-,-,16.2,32,0.0558,-,-
2019,7,18,福井県,1,従業者規模別で表示する,102,10～29人,67,80720,-,-,39.9,64.6,0.1044,-,-
2019,7,18,福井県,1,従業者規模別で表示する,103,30～99人,49,146490,-,-,47.7,74.2,-0.0376,-,-
2019,7,18,福井県,1,従業者規模別で表示する,104,100人以上,7,44670,-,-,37.9,59.7,0.2622,-,-
2019,7,18,福井県,2,宿泊施設タイプ別で表示する,200,すべての宿泊施設タイプ,841,371370,364950,6420,29.9,53.5,0.0464,0.0457,0.0881
2019,7,18,福井県,2,宿泊施設タイプ別で表示する,201,旅館,440,156790,155100,1690,24.7,40.1,-0.0848,-0.0867,0.1419
2019,7,18,福井県,2,宿泊施設タイプ別で表示する,202,リゾートホテル,20,27240,26980,260,41.7,60.6,0.09,0.0879,0.3684
2019,7,18,福井県,2,宿泊施設タイプ別で表示する,203,ビジネスホテル,90,142330,138480,3850,65,79.7,0.1645,0.1647,0.1596
2019,7,18,福井県,2,宿泊施設タイプ別で表示する,204,シティホテル,10,18220,17930,290,47.7,64.8,0.015,0.0287,-0.4423
2019,7,18,福井県,2,宿泊施設タイプ別で表示する,205,会社・団体の宿泊所,10,1670,1670,0,14.5,7.7,-0.216,-0.216,-
2019,7,18,福井県,2,宿泊施設タイプ別で表示する,207,簡易宿所,260,25120,24780,340,9.6,15.4,0.5402,0.5556,-0.1053
2019,8,18,福井県,1,従業者規模別で表示する,100,すべての従業者規模,843,574600,568380,6220,44.6,63.9,0.0537,0.0527,0.1583
2019,8,18,福井県,1,従業者規模別で表示する,101,0～9人,719,190020,-,-,29.4,43,0.1359,-,-
2019,8,18,福井県,1,従業者規模別で表示する,102,10～29人,68,115380,-,-,54,71,0.0838,-,-
2019,8,18,福井県,1,従業者規模別で表示する,103,30～99人,49,204350,-,-,65.9,85.8,-0.0491,-,-
2019,8,18,福井県,1,従業者規模別で表示する,104,100人以上,7,64850,-,-,55.1,76.6,0.1441,-,-
2019,8,18,福井県,2,宿泊施設タイプ別で表示する,200,すべての宿泊施設タイプ,843,574600,568380,6220,44.6,63.9,0.0537,0.0527,0.1583
2019,8,18,福井県,2,宿泊施設タイプ別で表示する,201,旅館,450,258370,256810,1560,38.7,55.3,-0.1535,-0.1544,0.0263
2019,8,18,福井県,2,宿泊施設タイプ別で表示する,202,リゾートホテル,20,47020,46900,120,67.3,76,0.5853,0.5931,-0.4545
2019,8,18,福井県,2,宿泊施設タイプ別で表示する,203,ビジネスホテル,90,162770,159210,3560,71.7,81.4,0.058,0.0508,0.5345
2019,8,18,福井県,2,宿泊施設タイプ別で表示する,204,シティホテル,10,28260,27760,500,69.9,79.3,0.0104,0.0087,0.1111
2019,8,18,福井県,2,宿泊施設タイプ別で表示する,205,会社・団体の宿泊所,10,1030,1030,0,8.9,7.7,-0.4976,-0.4976,-
2019,8,18,福井県,2,宿泊施設タイプ別で表示する,207,簡易宿所,250,77150,76680,470,29.6,32.3,1.9015,1.9802,-0.4535
2019,9,18,福井県,1,従業者規模別で表示する,100,すべての従業者規模,843,364880,358390,6490,28.2,54.6,-0.0148,-0.0221,0.677
2019,9,18,福井県,1,従業者規模別で表示する,101,0～9人,719,90210,-,-,13.7,30.2,-0.1538,-,-
2019,9,18,福井県,1,従業者規模別で表示する,102,10～29人,68,91580,-,-,42.6,69.2,0.2273,-,-
2019,9,18,福井県,1,従業者規模別で表示する,103,30～99人,49,143550,-,-,46.7,75.6,-0.0416,-,-
2019,9,18,福井県,1,従業者規模別で表示する,104,100人以上,7,39540,-,-,34.7,60.6,0.0043,-,-
2019,9,18,福井県,2,宿泊施設タイプ別で表示する,200,すべての宿泊施設タイプ,843,364880,358390,6490,28.2,54.6,-0.0148,-0.0221,0.677
2019,9,18,福井県,2,宿泊施設タイプ別で表示する,201,旅館,440,139210,136880,2330,21.4,40.5,-0.2467,-0.254,0.7519
2019,9,18,福井県,2,宿泊施設タイプ別で表示する,202,リゾートホテル,20,23580,23440,140,33.1,55.7,0.1326,0.1302,0.75
2019,9,18,福井県,2,宿泊施設タイプ別で表示する,203,ビジネスホテル,100,155080,152060,3020,65.3,80.1,0.2211,0.2119,0.9739
2019,9,18,福井県,2,宿泊施設タイプ別で表示する,204,シティホテル,10,22720,22180,540,49.6,66.9,0.1137,0.1029,0.8621
2019,9,18,福井県,2,宿泊施設タイプ別で表示する,205,会社・団体の宿泊所,20,1630,1630,0,13.5,8.7,0.1319,0.1319,-
2019,9,18,福井県,2,宿泊施設タイプ別で表示する,207,簡易宿所,240,22660,22190,470,8.5,11.3,0.4261,0.4551,-0.2656
2019,10,18,福井県,1,従業者規模別で表示する,100,すべての従業者規模,844,308520,300510,8010,24.9,50.3,-0.2345,-0.2449,0.583
2019,10,18,福井県,1,従業者規模別で表示する,101,0～9人,720,62480,-,-,10.3,26.4,-0.4007,-,-
2019,10,18,福井県,1,従業者規模別で表示する,102,10～29人,68,70100,-,-,34.3,57.9,-0.1937,-,-
2019,10,18,福井県,1,従業者規模別で表示する,103,30～99人,49,133520,-,-,43,74.7,-0.1827,-,-
2019,10,18,福井県,1,従業者規模別で表示する,104,100人以上,7,42410,-,-,36,61.2,-0.125,-,-
2019,10,18,福井県,2,宿泊施設タイプ別で表示する,200,すべての宿泊施設タイプ,844,308520,300510,8010,24.9,50.3,-0.2345,-0.2449,0.583
2019,10,18,福井県,2,宿泊施設タイプ別で表示する,201,旅館,420,123970,121970,2000,20.2,37.2,-0.3813,-0.3861,0.1834
2019,10,18,福井県,2,宿泊施設タイプ別で表示する,202,リゾートホテル,20,19310,18960,350,28.3,50.9,-0.0622,-0.0756,3.375
2019,10,18,福井県,2,宿泊施設タイプ別で表示する,203,ビジネスホテル,90,134340,129590,4750,59,75,-0.044,-0.0587,0.6667
2019,10,18,福井県,2,宿泊施設タイプ別で表示する,204,シティホテル,10,19740,19260,480,44.2,62.8,-0.0945,-0.1046,0.6552
2019,10,18,福井県,2,宿泊施設タイプ別で表示する,205,会社・団体の宿泊所,10,280,280,0,2.7,2.6,-0.8919,-0.8919,-
2019,10,18,福井県,2,宿泊施設タイプ別で表示する,207,簡易宿所,280,10880,10450,430,4.1,11.4,-0.3663,-0.3864,2.0714
2019,11,18,福井県,1,従業者規模別で表示する,100,すべての従業者規模,845,361760,351810,9950,30.3,56.8,-0.0171,-0.0239,0.3024
2019,11,18,福井県,1,従業者規模別で表示する,101,0～9人,721,80550,-,-,14,31.8,-0.1618,-,-
2019,11,18,福井県,1,従業者規模別で表示する,102,10～29人,68,82790,-,-,40.6,65.6,0.0239,-,-
2019,11,18,福井県,1,従業者規模別で表示する,103,30～99人,49,145860,-,-,48.6,80.7,0.0087,-,-
2019,11,18,福井県,1,従業者規模別で表示する,104,100人以上,7,52550,-,-,46.1,73.8,0.1301,-,-
2019,11,18,福井県,2,宿泊施設タイプ別で表示する,200,すべての宿泊施設タイプ,845,361760,351810,9950,30.3,56.8,-0.0171,-0.0239,0.3024
2019,11,18,福井県,2,宿泊施設タイプ別で表示する,201,旅館,440,161670,158610,3060,27.1,45.7,-0.046,-0.0511,0.3247
2019,11,18,福井県,2,宿泊施設タイプ別で表示する,202,リゾートホテル,20,20490,20030,460,31.2,54.7,0.0396,0.0341,0.3529
2019,11,18,福井県,2,宿泊施設タイプ別で表示する,203,ビジネスホテル,90,147280,142230,5050,65.2,80.4,0.0568,0.0502,0.2817
2019,11,18,福井県,2,宿泊施設タイプ別で表示する,204,シティホテル,10,21240,20350,890,49.5,68.3,0.0525,0.056,-0.022
2019,11,18,福井県,2,宿泊施設タイプ別で表示する,205,会社・団体の宿泊所,10,0,0,0,0,0,-1,-1,-
2019,11,18,福井県,2,宿泊施設タイプ別で表示する,207,簡易宿所,270,11080,10600,480,4.5,13.6,-0.3517,-0.375,2.6923
2019,12,18,福井県,1,従業者規模別で表示する,100,すべての従業者規模,844,324300,315540,8760,28,48.6,-0.057,-0.0657,0.4175
2019,12,18,福井県,1,従業者規模別で表示する,101,0～9人,720,71410,-,-,13.6,26,-0.2289,-,-
2019,12,18,福井県,1,従業者規模別で表示する,102,10～29人,68,70860,-,-,34.2,54.2,0.0222,-,-
2019,12,18,福井県,1,従業者規模別で表示する,103,30～99人,49,129420,-,-,41.7,69.3,-0.0305,-,-
2019,12,18,福井県,1,従業者規模別で表示する,104,100人以上,7,52610,-,-,44.7,68.2,0.0847,-,-
2019,12,18,福井県,2,宿泊施設タイプ別で表示する,200,すべての宿泊施設タイプ,844,324300,315540,8760,28,48.6,-0.057,-0.0657,0.4175
2019,12,18,福井県,2,宿泊施設タイプ別で表示する,201,旅館,430,150100,146630,3470,24.6,38.5,-0.138,-0.1465,0.4829
2019,12,18,福井県,2,宿泊施設タイプ別で表示する,202,リゾートホテル,20,16750,16220,530,24.1,41.7,-0.0521,-0.0613,0.359
2019,12,18,福井県,2,宿泊施設タイプ別で表示する,203,ビジネスホテル,90,131860,128620,3240,55.3,68,0.0797,0.0759,0.2558
2019,12,18,福井県,2,宿泊施設タイプ別で表示する,204,シティホテル,10,15830,15310,520,35.7,53.7,-0.0282,-0.0261,-0.0877
2019,12,18,福井県,2,宿泊施設タイプ別で表示する,205,会社・団体の宿泊所,-,-,-,-,-,-,-,-,-
2019,12,18,福井県,2,宿泊施設タイプ別で表示する,207,簡易宿所,280,9740,8740,1000,5.2,10.2,-0.1265,-0.1937,2.2258
2020,1,18,福井県,1,従業者規模別で表示する,100,すべての従業者規模,854,251680,242170,9510,21,38.7,-0.075,-0.0859,0.3282
2020,1,18,福井県,1,従業者規模別で表示する,101,0～9人,731,41210,-,-,7.3,17.7,-0.3241,-,-
2020,1,18,福井県,1,従業者規模別で表示する,102,10～29人,66,56140,-,-,28.8,45.3,0.0034,-,-
2020,1,18,福井県,1,従業者規模別で表示する,103,30～99人,50,111620,-,-,35.1,56.8,-0.0124,-,-
2020,1,18,福井県,1,従業者規模別で表示する,104,100人以上,7,42700,-,-,33.9,56,0.0126,-,-
2020,1,18,福井県,2,宿泊施設タイプ別で表示する,200,すべての宿泊施設タイプ,854,251680,242170,9510,21,38.7,-0.075,-0.0859,0.3282
2020,1,18,福井県,2,宿泊施設タイプ別で表示する,201,旅館,440,106440,102700,3740,17.6,29.4,-0.1444,-0.1607,0.8333
2020,1,18,福井県,2,宿泊施設タイプ別で表示する,202,リゾートホテル,20,17410,15980,1430,24.9,41,-0.261,-0.2872,0.2544
2020,1,18,福井県,2,宿泊施設タイプ別で表示する,203,ビジネスホテル,110,107630,104800,2830,44.1,55.3,0.0644,0.0631,0.1142
2020,1,18,福井県,2,宿泊施設タイプ別で表示する,204,シティホテル,10,13500,12420,1080,28.6,39.4,-0.0419,-0.082,0.9286
2020,1,18,福井県,2,宿泊施設タイプ別で表示する,205,会社・団体の宿泊所,-,-,-,-,-,-,-,-,-
2020,1,18,福井県,2,宿泊施設タイプ別で表示する,207,簡易宿所,270,6700,6260,440,2.9,7.8,-0.2497,-0.2233,-0.4943
2020,2,18,福井県,1,従業者規模別で表示する,100,すべての従業者規模,854,267760,262360,5400,25.2,43.9,-0.0905,-0.0784,-0.4439
2020,2,18,福井県,1,従業者規模別で表示する,101,0～9人,731,48030,-,-,10.3,20.7,-0.3065,-,-
2020,2,18,福井県,1,従業者規模別で表示する,102,10～29人,66,60980,-,-,33.4,51.3,0.0091,-,-
2020,2,18,福井県,1,従業者規模別で表示する,103,30～99人,50,119070,-,-,39,63.3,0.0012,-,-
2020,2,18,福井県,1,従業者規模別で表示する,104,100人以上,7,39680,-,-,36.7,60.3,-0.1329,-,-
2020,2,18,福井県,2,宿泊施設タイプ別で表示する,200,すべての宿泊施設タイプ,854,267760,262360,5400,25.2,43.9,-0.0905,-0.0784,-0.4439
2020,2,18,福井県,2,宿泊施設タイプ別で表示する,201,旅館,430,107310,105430,1880,19.1,31.2,-0.1789,-0.1724,-0.4303
2020,2,18,福井県,2,宿泊施設タイプ別で表示する,202,リゾートホテル,20,20940,20180,760,32,50.5,-0.229,-0.2187,-0.4286
2020,2,18,福井県,2,宿泊施設タイプ別で表示する,203,ビジネスホテル,120,117740,115480,2260,50.3,62.4,0.0757,0.0919,-0.3875
2020,2,18,福井県,2,宿泊施設タイプ別で表示する,204,シティホテル,10,14600,14270,330,34.5,46.8,-0.1054,-0.0698,-0.6633
2020,2,18,福井県,2,宿泊施設タイプ別で表示する,205,会社・団体の宿泊所,-,-,-,-,-,-,-,-,-
2020,2,18,福井県,2,宿泊施設タイプ別で表示する,207,簡易宿所,270,7160,7000,160,4.8,9.3,-0.3352,-0.3237,-0.619
2020,3,18,福井県,1,従業者規模別で表示する,100,すべての従業者規模,852,204490,203010,1480,18.2,35.2,-0.3896,-0.3831,-0.7508
2020,3,18,福井県,1,従業者規模別で表示する,101,0～9人,729,31340,-,-,6.4,14.6,-0.5043,-,-
2020,3,18,福井県,1,従業者規模別で表示する,102,10～29人,66,56740,-,-,29.8,47.4,-0.2608,-,-
2020,3,18,福井県,1,従業者規模別で表示する,103,30～99人,50,91370,-,-,28.1,49.6,-0.3665,-,-
2020,3,18,福井県,1,従業者規模別で表示する,104,100人以上,7,25040,-,-,21.7,38.1,-0.5073,-,-
2020,3,18,福井県,2,宿泊施設タイプ別で表示する,200,すべての宿泊施設タイプ,852,204490,203010,1480,18.2,35.2,-0.3896,-0.3831,-0.7508
2020,3,18,福井県,2,宿泊施設タイプ別で表示する,201,旅館,420,66980,66880,100,11.4,20.9,-0.5507,-0.5454,-0.9485
2020,3,18,福井県,2,宿泊施設タイプ別で表示する,202,リゾートホテル,20,11130,11100,30,15.2,28.8,-0.4117,-0.4023,-0.9143
2020,3,18,福井県,2,宿泊施設タイプ別で表示する,203,ビジネスホテル,120,112850,111730,1120,43.2,54.6,-0.1897,-0.1818,-0.5882
2020,3,18,福井県,2,宿泊施設タイプ別で表示する,204,シティホテル,10,8840,8780,60,22.4,32.9,-0.4806,-0.4701,-0.8667
2020,3,18,福井県,2,宿泊施設タイプ別で表示する,205,会社・団体の宿泊所,-,-,-,-,-,-,-,-,-
2020,3,18,福井県,2,宿泊施設タイプ別で表示する,207,簡易宿所,280,4680,4510,170,3,5.5,-0.5651,-0.5609,-0.6531
2020,4,18,福井県,1,従業者規模別で表示する,100,すべての従業者規模,852,91980,90630,1350,8.3,20.9,-0.7139,-0.7077,-0.8814
2020,4,18,福井県,1,従業者規模別で表示する,101,0～9人,729,26340,-,-,5.2,15.6,-0.6432,-,-
2020,4,18,福井県,1,従業者規模別で表示する,102,10～29人,66,31820,-,-,17.8,33.4,-0.5775,-,-
2020,4,18,福井県,1,従業者規模別で表示する,103,30～99人,50,31320,-,-,10.1,21.5,-0.7542,-,-
2020,4,18,福井県,1,従業者規模別で表示する,104,100人以上,7,2500,-,-,2.2,4.5,-0.9444,-,-
2020,4,18,福井県,2,宿泊施設タイプ別で表示する,200,すべての宿泊施設タイプ,852,91980,90630,1350,8.3,20.9,-0.7139,-0.7077,-0.8814
2020,4,18,福井県,2,宿泊施設タイプ別で表示する,201,旅館,430,19820,19810,10,3.6,10.5,-0.8523,-0.8462,-0.9981
2020,4,18,福井県,2,宿泊施設タイプ別で表示する,202,リゾートホテル,20,2710,2700,10,4,10.9,-0.8289,-0.8258,-0.9706
2020,4,18,福井県,2,宿泊施設タイプ別で表示する,203,ビジネスホテル,110,64870,63570,1300,25.5,36.1,-0.5076,-0.5043,-0.6275
2020,4,18,福井県,2,宿泊施設タイプ別で表示する,204,シティホテル,10,3040,3000,40,9.3,16.2,-0.8455,-0.8402,-0.956
2020,4,18,福井県,2,宿泊施設タイプ別で表示する,205,会社・団体の宿泊所,-,-,-,-,-,-,-,-,-
2020,4,18,福井県,2,宿泊施設タイプ別で表示する,207,簡易宿所,270,1530,1530,0,0.8,2.8,-0.9232,-0.9179,-1
2020,5,18,福井県,1,従業者規模別で表示する,100,すべての従業者規模,853,100440,99970,470,8.3,21.2,-0.6982,-0.6913,-0.948
2020,5,18,福井県,1,従業者規模別で表示する,101,0～9人,730,25850,-,-,4.8,14.4,-0.6905,-,-
2020,5,18,福井県,1,従業者規模別で表示する,102,10～29人,66,35730,-,-,18.7,33.1,-0.5527,-,-
2020,5,18,福井県,1,従業者規模別で表示する,103,30～99人,50,38860,-,-,11.6,24.3,-0.6967,-,-
2020,5,18,福井県,1,従業者規模別で表示する,104,100人以上,7,0,-,-,0,0,-1,-,-
2020,5,18,福井県,2,宿泊施設タイプ別で表示する,200,すべての宿泊施設タイプ,853,100440,99970,470,8.3,21.2,-0.6982,-0.6913,-0.948
2020,5,18,福井県,2,宿泊施設タイプ別で表示する,201,旅館,430,18940,18930,10,3.2,10.6,-0.8664,-0.8621,-0.9978
2020,5,18,福井県,2,宿泊施設タイプ別で表示する,202,リゾートホテル,20,4640,4620,20,6.5,17,-0.6907,-0.687,-0.9167
2020,5,18,福井県,2,宿泊施設タイプ別で表示する,203,ビジネスホテル,120,70060,69630,430,24.7,34.9,-0.4972,-0.4901,-0.8448
2020,5,18,福井県,2,宿泊施設タイプ別で表示する,204,シティホテル,10,5580,5570,10,13.3,23.6,-0.7095,-0.6966,-0.9882
2020,5,18,福井県,2,宿泊施設タイプ別で表示する,205,会社・団体の宿泊所,-,-,-,-,-,-,-,-,-
2020,5,18,福井県,2,宿泊施設タイプ別で表示する,207,簡易宿所,260,1220,1220,0,0.6,1.2,-0.9292,-0.9262,-1
2020,6,18,福井県,1,従業者規模別で表示する,100,すべての従業者規模,853,135310,134860,450,11.8,28.2,-0.5216,-0.5082,-0.9479
2020,6,18,福井県,1,従業者規模別で表示する,101,0～9人,731,26250,-,-,5,14.6,-0.5607,-,-
2020,6,18,福井県,1,従業者規模別で表示する,102,10～29人,66,38070,-,-,20.6,37.8,-0.4778,-,-
2020,6,18,福井県,1,従業者規模別で表示する,103,30～99人,50,66230,-,-,20.1,39.7,-0.3962,-,-
2020,6,18,福井県,1,従業者規模別で表示する,104,100人以上,6,4760,-,-,4.2,6.8,-0.8825,-,-
2020,6,18,福井県,2,宿泊施設タイプ別で表示する,200,すべての宿泊施設タイプ,853,135310,134860,450,11.8,28.2,-0.5216,-0.5082,-0.9479
2020,6,18,福井県,2,宿泊施設タイプ別で表示する,201,旅館,440,31100,31100,0,5.5,14.3,-0.7305,-0.7247,-1
2020,6,18,福井県,2,宿泊施設タイプ別で表示する,202,リゾートホテル,20,7160,7150,10,10.1,20.3,-0.4013,-0.3857,-0.9688
2020,6,18,福井県,2,宿泊施設タイプ別で表示する,203,ビジネスホテル,110,88960,88530,430,33.3,47.3,-0.2969,-0.2758,-0.8993
2020,6,18,福井県,2,宿泊施設タイプ別で表示する,204,シティホテル,10,4900,4900,0,14.8,23.1,-0.7394,-0.7305,-1
2020,6,18,福井県,2,宿泊施設タイプ別で表示する,205,会社・団体の宿泊所,-,-,-,-,-,-,-,-,-
2020,6,18,福井県,2,宿泊施設タイプ別で表示する,207,簡易宿所,260,3190,3190,0,1.6,4.5,-0.6851,-0.6514,-1
2020,7,18,福井県,1,従業者規模別で表示する,100,すべての従業者規模,851,223130,222470,660,18.9,35.7,-0.3992,-0.3904,-0.8972
2020,7,18,福井県,1,従業者規模別で表示する,101,0～9人,730,45820,-,-,8.3,18.6,-0.5394,-,-
2020,7,18,福井県,1,従業者規模別で表示する,102,10～29人,66,53560,-,-,28.4,45,-0.3365,-,-
2020,7,18,福井県,1,従業者規模別で表示する,103,30～99人,49,91150,-,-,28.3,49.4,-0.3778,-,-
2020,7,18,福井県,1,従業者規模別で表示する,104,100人以上,6,32590,-,-,27.7,44.8,-0.2704,-,-
2020,7,18,福井県,2,宿泊施設タイプ別で表示する,200,すべての宿泊施設タイプ,851,223130,222470,660,18.9,35.7,-0.3992,-0.3904,-0.8972
2020,7,18,福井県,2,宿泊施設タイプ別で表示する,201,旅館,410,100630,100580,50,17.2,31,-0.3582,-0.3515,-0.9704
2020,7,18,福井県,2,宿泊施設タイプ別で表示する,202,リゾートホテル,10,13840,13840,0,22.8,39.4,-0.4919,-0.487,-1
2020,7,18,福井県,2,宿泊施設タイプ別で表示する,203,ビジネスホテル,100,86960,86440,520,37,50.2,-0.389,-0.3758,-0.8649
2020,7,18,福井県,2,宿泊施設タイプ別で表示する,204,シティホテル,10,8970,8950,20,24.6,34.8,-0.5077,-0.5008,-0.931
2020,7,18,福井県,2,宿泊施設タイプ別で表示する,205,会社・団体の宿泊所,-,-,-,-,-,-,-,-,-
2020,7,18,福井県,2,宿泊施設タイプ別で表示する,207,簡易宿所,300,12730,12650,80,5.1,9.5,-0.4932,-0.4895,-0.7647
2020,8,18,福井県,1,従業者規模別で表示する,100,すべての従業者規模,851,266850,265960,890,22.7,38.2,-0.5356,-0.5321,-0.8569
2020,8,18,福井県,1,従業者規模別で表示する,101,0～9人,730,64410,-,-,11.7,20.5,-0.661,-,-
2020,8,18,福井県,1,従業者規模別で表示する,102,10～29人,66,60580,-,-,32,49,-0.475,-,-
2020,8,18,福井県,1,従業者規模別で表示する,103,30～99人,49,106590,-,-,33.4,52,-0.4784,-,-
2020,8,18,福井県,1,従業者規模別で表示する,104,100人以上,6,35280,-,-,30,47.1,-0.456,-,-
2020,8,18,福井県,2,宿泊施設タイプ別で表示する,200,すべての宿泊施設タイプ,851,266850,265960,890,22.7,38.2,-0.5356,-0.5321,-0.8569
2020,8,18,福井県,2,宿泊施設タイプ別で表示する,201,旅館,440,124100,124030,70,20.2,32.5,-0.5197,-0.517,-0.9551
2020,8,18,福井県,2,宿泊施設タイプ別で表示する,202,リゾートホテル,10,21980,21980,0,35,48.7,-0.5325,-0.5313,-1
2020,8,18,福井県,2,宿泊施設タイプ別で表示する,203,ビジネスホテル,80,90520,89920,600,42.1,53.8,-0.4439,-0.4352,-0.8315
2020,8,18,福井県,2,宿泊施設タイプ別で表示する,204,シティホテル,10,10960,10940,20,29.2,37,-0.6122,-0.6059,-0.96
2020,8,18,福井県,2,宿泊施設タイプ別で表示する,205,会社・団体の宿泊所,-,-,-,-,-,-,-,-,-
2020,8,18,福井県,2,宿泊施設タイプ別で表示する,207,簡易宿所,300,19290,19090,200,8,12.1,-0.75,-0.751,-0.5745
2020,9,18,福井県,1,従業者規模別で表示する,100,すべての従業者規模,847,211140,210630,510,19.2,37.1,-0.4213,-0.4123,-0.9214
2020,9,18,福井県,1,従業者規模別で表示する,101,0～9人,726,45780,-,-,9.1,17.5,-0.4925,-,-
2020,9,18,福井県,1,従業者規模別で表示する,102,10～29人,66,53250,-,-,29.1,49.1,-0.4185,-,-
2020,9,18,福井県,1,従業者規模別で表示する,103,30～99人,49,84110,-,-,28.2,54.4,-0.4141,-,-
2020,9,18,福井県,1,従業者規模別で表示する,104,100人以上,6,28000,-,-,24.6,42.7,-0.2919,-,-
2020,9,18,福井県,2,宿泊施設タイプ別で表示する,200,すべての宿泊施設タイプ,847,211140,210630,510,19.2,37.1,-0.4213,-0.4123,-0.9214
2020,9,18,福井県,2,宿泊施設タイプ別で表示する,201,旅館,420,90810,90730,80,15.7,29.3,-0.3477,-0.3372,-0.9657
2020,9,18,福井県,2,宿泊施設タイプ別で表示する,202,リゾートホテル,20,13720,13720,0,21.3,38.4,-0.4182,-0.4147,-1
2020,9,18,福井県,2,宿泊施設タイプ別で表示する,203,ビジネスホテル,90,81190,80940,250,43.1,58.4,-0.4765,-0.4677,-0.9172
2020,9,18,福井県,2,宿泊施設タイプ別で表示する,204,シティホテル,10,11170,11160,10,28.8,38.6,-0.5084,-0.4968,-0.9815
2020,9,18,福井県,2,宿泊施設タイプ別で表示する,205,会社・団体の宿泊所,-,-,-,-,-,-,-,-,-
2020,9,18,福井県,2,宿泊施設タイプ別で表示する,207,簡易宿所,300,14260,14080,180,6.4,9.6,-0.3707,-0.3655,-0.617
2020,10,18,福井県,1,従業者規模別で表示する,100,すべての従業者規模,851,258080,257350,730,21.6,42.9,-0.1635,-0.1436,-0.9089
2020,10,18,福井県,1,従業者規模別で表示する,101,0～9人,730,43300,-,-,7.6,17.6,-0.307,-,-
2020,10,18,福井県,1,従業者規模別で表示する,102,10～29人,66,62100,-,-,32.5,54,-0.1141,-,-
2020,10,18,福井県,1,従業者規模別で表示する,103,30～99人,49,114760,-,-,35.6,64.5,-0.1405,-,-
2020,10,18,福井県,1,従業者規模別で表示する,104,100人以上,6,37920,-,-,32.3,56,-0.1059,-,-
2020,10,18,福井県,2,宿泊施設タイプ別で表示する,200,すべての宿泊施設タイプ,851,258080,257350,730,21.6,42.9,-0.1635,-0.1436,-0.9089
2020,10,18,福井県,2,宿泊施設タイプ別で表示する,201,旅館,440,114340,114320,20,17.7,31.9,-0.0777,-0.0627,-0.99
2020,10,18,福井県,2,宿泊施設タイプ別で表示する,202,リゾートホテル,20,18230,18230,0,28.8,53.4,-0.0559,-0.0385,-1
2020,10,18,福井県,2,宿泊施設タイプ別で表示する,203,ビジネスホテル,90,106540,105890,650,47.3,65.7,-0.2069,-0.1829,-0.8632
2020,10,18,福井県,2,宿泊施設タイプ別で表示する,204,シティホテル,10,11710,11680,30,33.4,45.5,-0.4068,-0.3936,-0.9375
2020,10,18,福井県,2,宿泊施設タイプ別で表示する,205,会社・団体の宿泊所,-,-,-,-,-,-,-,-,-
2020,10,18,福井県,2,宿泊施設タイプ別で表示する,207,簡易宿所,290,7260,7220,40,3.3,6.4,-0.3327,-0.3091,-0.907
2020,11,18,福井県,1,従業者規模別で表示する,100,すべての従業者規模,851,315090,314200,890,28.9,49.6,-0.129,-0.1069,-0.9106
2020,11,18,福井県,1,従業者規模別で表示する,101,0～9人,730,61550,-,-,12.8,22.3,-0.2359,-,-
2020,11,18,福井県,1,従業者規模別で表示する,102,10～29人,66,70280,-,-,38.1,58.8,-0.1511,-,-
2020,11,18,福井県,1,従業者規模別で表示する,103,30～99人,49,135330,-,-,43.4,71.8,-0.0722,-,-
2020,11,18,福井県,1,従業者規模別で表示する,104,100人以上,6,47940,-,-,42.1,74.2,-0.0877,-,-
2020,11,18,福井県,2,宿泊施設タイプ別で表示する,200,すべての宿泊施設タイプ,851,315090,314200,890,28.9,49.6,-0.129,-0.1069,-0.9106
2020,11,18,福井県,2,宿泊施設タイプ別で表示する,201,旅館,440,160600,160480,120,25.7,41.8,-0.0066,0.0118,-0.9608
2020,11,18,福井県,2,宿泊施設タイプ別で表示する,202,リゾートホテル,20,20560,20560,0,33.3,58.4,0.0034,0.0265,-1
2020,11,18,福井県,2,宿泊施設タイプ別で表示する,203,ビジネスホテル,90,112330,111660,670,51,68.8,-0.2373,-0.2149,-0.8673
2020,11,18,福井県,2,宿泊施設タイプ別で表示する,204,シティホテル,10,12260,12230,30,35.8,46.7,-0.4228,-0.399,-0.9663
2020,11,18,福井県,2,宿泊施設タイプ別で表示する,205,会社・団体の宿泊所,-,-,-,-,-,-,-,-,-
2020,11,18,福井県,2,宿泊施設タイプ別で表示する,207,簡易宿所,280,9340,9270,70,6.6,11.5,-0.157,-0.1255,-0.8542
2020,12,18,福井県,1,従業者規模別で表示する,100,すべての従業者規模,851,237770,237030,740,21.6,38.7,-0.2668,-0.2488,-0.9155
2020,12,18,福井県,1,従業者規模別で表示する,101,0～9人,730,40260,-,-,8.6,15.7,-0.4362,-,-
2020,12,18,福井県,1,従業者規模別で表示する,102,10～29人,66,55600,-,-,29.1,47.2,-0.2154,-,-
2020,12,18,福井県,1,従業者規模別で表示する,103,30～99人,49,104000,-,-,32.3,55.8,-0.1964,-,-
2020,12,18,福井県,1,従業者規模別で表示する,104,100人以上,6,37900,-,-,32.2,57.1,-0.2796,-,-
2020,12,18,福井県,2,宿泊施設タイプ別で表示する,200,すべての宿泊施設タイプ,851,237770,237030,740,21.6,38.7,-0.2668,-0.2488,-0.9155
2020,12,18,福井県,2,宿泊施設タイプ別で表示する,201,旅館,430,113460,113460,0,18.4,31.1,-0.2441,-0.2262,-1
2020,12,18,福井県,2,宿泊施設タイプ別で表示する,202,リゾートホテル,20,13900,13900,0,21.2,39.2,-0.1701,-0.143,-1
2020,12,18,福井県,2,宿泊施設タイプ別で表示する,203,ビジネスホテル,90,94340,93730,610,40.1,55,-0.2845,-0.2713,-0.8117
2020,12,18,福井県,2,宿泊施設タイプ別で表示する,204,シティホテル,10,7980,7960,20,22.6,30.2,-0.4959,-0.4801,-0.9615
2020,12,18,福井県,2,宿泊施設タイプ別で表示する,205,会社・団体の宿泊所,-,-,-,-,-,-,-,-,-
2020,12,18,福井県,2,宿泊施設タイプ別で表示する,207,簡易宿所,290,8080,7980,100,5.9,9.8,-0.1704,-0.087,-0.9
2021,1,18,福井県,1,従業者規模別で表示する,100,すべての従業者規模,816,114400,113240,1160,10.4,23.4,-0.5455,-0.5324,-0.878
2021,1,18,福井県,1,従業者規模別で表示する,101,0～9人,699,17980,-,-,3.7,8.5,-0.5637,-,-
2021,1,18,福井県,1,従業者規模別で表示する,102,10～29人,65,32800,-,-,17.3,31.8,-0.4157,-,-
2021,1,18,福井県,1,従業者規模別で表示する,103,30～99人,47,56620,-,-,17.3,36.2,-0.4927,-,-
2021,1,18,福井県,1,従業者規模別で表示する,104,100人以上,5,7000,-,-,6.9,13.6,-0.8361,-,-
2021,1,18,福井県,2,宿泊施設タイプ別で表示する,200,すべての宿泊施設タイプ,816,114400,113240,1160,10.4,23.4,-0.5455,-0.5324,-0.878
2021,1,18,福井県,2,宿泊施設タイプ別で表示する,201,旅館,420,32330,32310,20,5,10.4,-0.6963,-0.6854,-0.9947
2021,1,18,福井県,2,宿泊施設タイプ別で表示する,202,リゾートホテル,20,7820,7820,0,14.3,29,-0.5508,-0.5106,-1
2021,1,18,福井県,2,宿泊施設タイプ別で表示する,203,ビジネスホテル,60,65250,64240,1010,32.3,44,-0.3938,-0.387,-0.6431
2021,1,18,福井県,2,宿泊施設タイプ別で表示する,204,シティホテル,10,5950,5930,20,17.4,24.3,-0.5593,-0.5225,-0.9815
2021,1,18,福井県,2,宿泊施設タイプ別で表示する,205,会社・団体の宿泊所,10,0,0,0,0,0,-,-,-
2021,1,18,福井県,2,宿泊施設タイプ別で表示する,207,簡易宿所,300,3050,2950,100,2.4,5.7,-0.5448,-0.5288,-0.7727
2021,2,18,福井県,1,従業者規模別で表示する,100,すべての従業者規模,815,125660,125200,460,12.9,27.7,-0.5307,-0.5228,-0.9148
2021,2,18,福井県,1,従業者規模別で表示する,101,0～9人,698,22140,-,-,5.3,10.8,-0.539,-,-
2021,2,18,福井県,1,従業者規模別で表示する,102,10～29人,65,34510,-,-,20.2,36.5,-0.4341,-,-
2021,2,18,福井県,1,従業者規模別で表示する,103,30～99人,47,61030,-,-,20.7,41,-0.4874,-,-
2021,2,18,福井県,1,従業者規模別で表示する,104,100人以上,5,7980,-,-,8.7,18.9,-0.7989,-,-
2021,2,18,福井県,2,宿泊施設タイプ別で表示する,200,すべての宿泊施設タイプ,815,125660,125200,460,12.9,27.7,-0.5307,-0.5228,-0.9148
2021,2,18,福井県,2,宿泊施設タイプ別で表示する,201,旅館,410,39490,39450,40,6.9,13.6,-0.632,-0.6258,-0.9787
2021,2,18,福井県,2,宿泊施設タイプ別で表示する,202,リゾートホテル,20,10320,10320,0,20.7,39,-0.5072,-0.4886,-1
2021,2,18,福井県,2,宿泊施設タイプ別で表示する,203,ビジネスホテル,70,64580,64220,360,34.7,47.5,-0.4515,-0.4439,-0.8407
2021,2,18,福井県,2,宿泊施設タイプ別で表示する,204,シティホテル,10,6750,6700,50,21.7,28.9,-0.5377,-0.5305,-0.8485
2021,2,18,福井県,2,宿泊施設タイプ別で表示する,205,会社・団体の宿泊所,10,0,0,0,0,0,-,-,-
2021,2,18,福井県,2,宿泊施設タイプ別で表示する,207,簡易宿所,290,4530,4530,0,4.3,10.3,-0.3673,-0.3529,-1
2021,3,18,福井県,1,従業者規模別で表示する,100,すべての従業者規模,814,208810,208220,590,19.7,38.7,0.0211,0.0257,-0.6014
2021,3,18,福井県,1,従業者規模別で表示する,101,0～9人,697,39700,-,-,8.5,16.9,0.2668,-,-
2021,3,18,福井県,1,従業者規模別で表示する,102,10～29人,65,52520,-,-,27.9,47.2,-0.0744,-,-
2021,3,18,福井県,1,従業者規模別で表示する,103,30～99人,47,93700,-,-,31.1,56.8,0.0255,-,-
2021,3,18,福井県,1,従業者規模別で表示する,104,100人以上,5,22890,-,-,22.4,41.6,-0.0859,-,-
2021,3,18,福井県,2,宿泊施設タイプ別で表示する,200,すべての宿泊施設タイプ,814,208810,208220,590,19.7,38.7,0.0211,0.0257,-0.6014
2021,3,18,福井県,2,宿泊施設タイプ別で表示する,201,旅館,410,78830,78790,40,12.7,22.2,0.1769,0.1781,-0.6
2021,3,18,福井県,2,宿泊施設タイプ別で表示する,202,リゾートホテル,20,15390,15390,0,28,50.2,0.3827,0.3865,-1
2021,3,18,福井県,2,宿泊施設タイプ別で表示する,203,ビジネスホテル,70,95600,95150,450,46.9,62.8,-0.1529,-0.1484,-0.5982
2021,3,18,福井県,2,宿泊施設タイプ別で表示する,204,シティホテル,10,10290,10240,50,30.2,38.7,0.164,0.1663,-0.1667
2021,3,18,福井県,2,宿泊施設タイプ別で表示する,205,会社・団体の宿泊所,10,0,0,0,0,0,-,-,-
2021,3,18,福井県,2,宿泊施設タイプ別で表示する,207,簡易宿所,280,8690,8630,60,8.4,16.7,0.8568,0.9135,-0.6471
2021,4,18,福井県,1,従業者規模別で表示する,100,すべての従業者規模,811,145970,145380,590,13.5,31.3,0.587,0.6041,-0.563
2021,4,18,福井県,1,従業者規模別で表示する,101,0～9人,694,26040,-,-,5.3,14,-0.0114,-,-
2021,4,18,福井県,1,従業者規模別で表示する,102,10～29人,65,43610,-,-,23.5,44.9,0.3705,-,-
2021,4,18,福井県,1,従業者規模別で表示する,103,30～99人,47,66450,-,-,21,44.3,1.1216,-,-
2021,4,18,福井県,1,従業者規模別で表示する,104,100人以上,5,9880,-,-,10.8,18.2,2.952,-,-
2021,4,18,福井県,2,宿泊施設タイプ別で表示する,200,すべての宿泊施設タイプ,811,145970,145380,590,13.5,31.3,0.587,0.6041,-0.563
2021,4,18,福井県,2,宿泊施設タイプ別で表示する,201,旅館,440,40780,40750,30,5.9,12.4,1.0575,1.057,2
2021,4,18,福井県,2,宿泊施設タイプ別で表示する,202,リゾートホテル,20,7400,7400,0,14,31.3,1.7306,1.7407,-1
2021,4,18,福井県,2,宿泊施設タイプ別で表示する,203,ビジネスホテル,60,84170,83630,540,43.3,59.1,0.2975,0.3156,-0.5846
2021,4,18,福井県,2,宿泊施設タイプ別で表示する,204,シティホテル,10,8460,8440,20,25.6,36.4,1.7829,1.8133,-0.5
2021,4,18,福井県,2,宿泊施設タイプ別で表示する,205,会社・団体の宿泊所,-,-,-,-,-,-,-,-,-
2021,4,18,福井県,2,宿泊施設タイプ別で表示する,207,簡易宿所,280,5160,5160,0,4.7,13.2,2.3725,2.3725,-
2021,5,18,福井県,1,従業者規模別で表示する,100,すべての従業者規模,811,141120,140460,660,12.5,27.9,0.405,0.405,0.4043
2021,5,18,福井県,1,従業者規模別で表示する,101,0～9人,694,24970,-,-,5,13.2,-0.034,-,-
2021,5,18,福井県,1,従業者規模別で表示する,102,10～29人,65,42870,-,-,22,39.5,0.1998,-,-
2021,5,18,福井県,1,従業者規模別で表示する,103,30～99人,47,62350,-,-,18.4,37,0.6045,-,-
2021,5,18,福井県,1,従業者規模別で表示する,104,100人以上,5,10930,-,-,11.6,18.6,-,-,-
2021,5,18,福井県,2,宿泊施設タイプ別で表示する,200,すべての宿泊施設タイプ,811,141120,140460,660,12.5,27.9,0.405,0.405,0.4043
2021,5,18,福井県,2,宿泊施設タイプ別で表示する,201,旅館,450,45790,45770,20,6.4,14,1.4176,1.4179,1
2021,5,18,福井県,2,宿泊施設タイプ別で表示する,202,リゾートホテル,20,8200,8080,120,14.5,31.4,0.7672,0.7489,5
2021,5,18,福井県,2,宿泊施設タイプ別で表示する,203,ビジネスホテル,60,74670,74180,490,36.5,48.2,0.0658,0.0653,0.1395
2021,5,18,福井県,2,宿泊施設タイプ別で表示する,204,シティホテル,10,7210,7170,40,20.5,28.1,0.2921,0.2873,3
2021,5,18,福井県,2,宿泊施設タイプ別で表示する,205,会社・団体の宿泊所,-,-,-,-,-,-,-,-,-
2021,5,18,福井県,2,宿泊施設タイプ別で表示する,207,簡易宿所,270,5250,5250,0,4.7,12.9,3.3033,3.3033,-
2021,6,18,福井県,1,従業者規模別で表示する,100,すべての従業者規模,812,144470,143750,720,13.2,31.3,0.0677,0.0659,0.6
2021,6,18,福井県,1,従業者規模別で表示する,101,0～9人,695,24700,-,-,5,10.2,-0.059,-,-
2021,6,18,福井県,1,従業者規模別で表示する,102,10～29人,65,47570,-,-,24.9,46.1,0.2495,-,-
2021,6,18,福井県,1,従業者規模別で表示する,103,30～99人,47,64600,-,-,20.4,46.6,-0.0246,-,-
2021,6,18,福井県,1,従業者規模別で表示する,104,100人以上,5,7600,-,-,8.3,13.9,0.5966,-,-
2021,6,18,福井県,2,宿泊施設タイプ別で表示する,200,すべての宿泊施設タイプ,812,144470,143750,720,13.2,31.3,0.0677,0.0659,0.6
2021,6,18,福井県,2,宿泊施設タイプ別で表示する,201,旅館,460,43920,43920,0,6.3,13.4,0.4122,0.4122,-
2021,6,18,福井県,2,宿泊施設タイプ別で表示する,202,リゾートホテル,20,6660,6510,150,12.3,31.2,-0.0698,-0.0895,14
2021,6,18,福井県,2,宿泊施設タイプ別で表示する,203,ビジネスホテル,60,82780,82290,490,42.3,58.6,-0.0695,-0.0705,0.1395
2021,6,18,福井県,2,宿泊施設タイプ別で表示する,204,シティホテル,10,7250,7200,50,21.4,31.4,0.4796,0.4694,-
2021,6,18,福井県,2,宿泊施設タイプ別で表示する,205,会社・団体の宿泊所,-,-,-,-,-,-,-,-,-
2021,6,18,福井県,2,宿泊施設タイプ別で表示する,207,簡易宿所,260,3870,3830,40,3.6,10.9,0.2132,0.2006,-
2021,7,18,福井県,1,従業者規模別で表示する,100,すべての従業者規模,812,241450,240570,880,21.3,41.1,0.0821,0.0814,0.3333
2021,7,18,福井県,1,従業者規模別で表示する,101,0～9人,695,49640,-,-,9.6,19.9,0.0834,-,-
2021,7,18,福井県,1,従業者規模別で表示する,102,10～29人,65,59940,-,-,31.8,51.5,0.1191,-,-
2021,7,18,福井県,1,従業者規模別で表示する,103,30～99人,47,106630,-,-,32.1,59.1,0.1698,-,-
2021,7,18,福井県,1,従業者規模別で表示する,104,100人以上,5,25240,-,-,26.7,37.4,-0.2255,-,-
2021,7,18,福井県,2,宿泊施設タイプ別で表示する,200,すべての宿泊施設タイプ,812,241450,240570,880,21.3,41.1,0.0821,0.0814,0.3333
2021,7,18,福井県,2,宿泊施設タイプ別で表示する,201,旅館,450,102150,102110,40,14.1,25.8,0.0151,0.0152,-0.2
2021,7,18,福井県,2,宿泊施設タイプ別で表示する,202,リゾートホテル,20,15540,15390,150,29.3,46.5,0.1228,0.112,-
2021,7,18,福井県,2,宿泊施設タイプ別で表示する,203,ビジネスホテル,60,103360,102860,500,50.6,65.1,0.1886,0.19,-0.0385
2021,7,18,福井県,2,宿泊施設タイプ別で表示する,204,シティホテル,10,11750,11570,180,35.5,43.7,0.3099,0.2927,8
2021,7,18,福井県,2,宿泊施設タイプ別で表示する,205,会社・団体の宿泊所,-,-,-,-,-,-,-,-,-
2021,7,18,福井県,2,宿泊施設タイプ別で表示する,207,簡易宿所,270,8640,8640,0,7.5,16.2,-0.3213,-0.317,-1
2021,8,18,福井県,1,従業者規模別で表示する,100,すべての従業者規模,811,281160,280110,1050,25.1,41.9,0.0536,0.0532,0.1798
2021,8,18,福井県,1,従業者規模別で表示する,101,0～9人,694,58100,-,-,11.6,21,-0.098,-,-
2021,8,18,福井県,1,従業者規模別で表示する,102,10～29人,65,69770,-,-,36.5,55.9,0.1517,-,-
2021,8,18,福井県,1,従業者規模別で表示する,103,30～99人,47,122940,-,-,36.3,54.1,0.1534,-,-
2021,8,18,福井県,1,従業者規模別で表示する,104,100人以上,5,30350,-,-,32.3,47.7,-0.1397,-,-
2021,8,18,福井県,2,宿泊施設タイプ別で表示する,200,すべての宿泊施設タイプ,811,281160,280110,1050,25.1,41.9,0.0536,0.0532,0.1798
2021,8,18,福井県,2,宿泊施設タイプ別で表示する,201,旅館,460,130090,130070,20,18,27.7,0.0483,0.0487,-0.7143
2021,8,18,福井県,2,宿泊施設タイプ別で表示する,202,リゾートホテル,20,17970,17970,0,35.4,47.5,-0.1824,-0.1824,-
2021,8,18,福井県,2,宿泊施設タイプ別で表示する,203,ビジネスホテル,60,111840,110850,990,56,64.7,0.2355,0.2328,0.65
2021,8,18,福井県,2,宿泊施設タイプ別で表示する,204,シティホテル,10,10830,10790,40,31.4,37.9,-0.0119,-0.0137,1
2021,8,18,福井県,2,宿泊施設タイプ別で表示する,205,会社・団体の宿泊所,-,-,-,-,-,-,-,-,-
2021,8,18,福井県,2,宿泊施設タイプ別で表示する,207,簡易宿所,260,10430,10430,0,9.1,18,-0.4593,-0.4536,-1
2021,9,18,福井県,1,従業者規模別で表示する,100,すべての従業者規模,809,168260,167410,850,15.4,33.5,-0.2031,-0.2052,0.6667
2021,9,18,福井県,1,従業者規模別で表示する,101,0～9人,692,30720,-,-,6.3,15.1,-0.329,-,-
2021,9,18,福井県,1,従業者規模別で表示する,102,10～29人,65,50000,-,-,26.3,48.1,-0.061,-,-
2021,9,18,福井県,1,従業者規模別で表示する,103,30～99人,47,74780,-,-,23.2,45.6,-0.1109,-,-
2021,9,18,福井県,1,従業者規模別で表示する,104,100人以上,5,12760,-,-,13.9,22.2,-0.5443,-,-
2021,9,18,福井県,2,宿泊施設タイプ別で表示する,200,すべての宿泊施設タイプ,809,168260,167410,850,15.4,33.5,-0.2031,-0.2052,0.6667
2021,9,18,福井県,2,宿泊施設タイプ別で表示する,201,旅館,450,51380,51360,20,7.4,14.6,-0.4342,-0.4339,-0.75
2021,9,18,福井県,2,宿泊施設タイプ別で表示する,202,リゾートホテル,20,6700,6550,150,13.2,29.7,-0.5117,-0.5226,-
2021,9,18,福井県,2,宿泊施設タイプ別で表示する,203,ビジネスホテル,70,96160,95520,640,46.1,60.2,0.1844,0.1801,1.56
2021,9,18,福井県,2,宿泊施設タイプ別で表示する,204,シティホテル,10,7400,7370,30,21.4,30.7,-0.3375,-0.3396,2
2021,9,18,福井県,2,宿泊施設タイプ別で表示する,205,会社・団体の宿泊所,-,-,-,-,-,-,-,-,-
2021,9,18,福井県,2,宿泊施設タイプ別で表示する,207,簡易宿所,260,6630,6630,0,6.2,14.8,-0.5351,-0.5291,-1
2021,10,18,福井県,1,従業者規模別で表示する,100,すべての従業者規模,808,233250,232230,1020,20.3,41.9,-0.0962,-0.0976,0.3973
2021,10,18,福井県,1,従業者規模別で表示する,101,0～9人,691,37530,-,-,7.1,15.9,-0.1333,-,-
2021,10,18,福井県,1,従業者規模別で表示する,102,10～29人,65,58720,-,-,31.1,52,-0.0544,-,-
2021,10,18,福井県,1,従業者規模別で表示する,103,30～99人,47,109840,-,-,32.6,63.6,-0.0429,-,-
2021,10,18,福井県,1,従業者規模別で表示する,104,100人以上,5,27160,-,-,28.7,41.1,-0.2838,-,-
2021,10,18,福井県,2,宿泊施設タイプ別で表示する,200,すべての宿泊施設タイプ,808,233250,232230,1020,20.3,41.9,-0.0962,-0.0976,0.3973
2021,10,18,福井県,2,宿泊施設タイプ別で表示する,201,旅館,440,94760,94630,130,12.5,24.1,-0.1712,-0.1722,5.5
2021,10,18,福井県,2,宿泊施設タイプ別で表示する,202,リゾートホテル,20,13130,13090,40,26.1,50.5,-0.2798,-0.282,-
2021,10,18,福井県,2,宿泊施設タイプ別で表示する,203,ビジネスホテル,60,108820,108010,810,51.4,68.1,0.0214,0.02,0.2462
2021,10,18,福井県,2,宿泊施設タイプ別で表示する,204,シティホテル,10,9850,9800,50,31.1,42.2,-0.1588,-0.161,0.6667
2021,10,18,福井県,2,宿泊施設タイプ別で表示する,205,会社・団体の宿泊所,-,-,-,-,-,-,-,-,-
2021,10,18,福井県,2,宿泊施設タイプ別で表示する,207,簡易宿所,280,6690,6690,0,6.9,16.7,-0.0785,-0.0734,-1
2021,11,18,福井県,1,従業者規模別で表示する,100,すべての従業者規模,808,267320,266690,630,24.5,49,-0.1516,-0.1512,-0.2921
2021,11,18,福井県,1,従業者規模別で表示する,101,0～9人,691,35060,-,-,7,14.2,-0.4304,-,-
2021,11,18,福井県,1,従業者規模別で表示する,102,10～29人,65,71980,-,-,38.9,64,0.0242,-,-
2021,11,18,福井県,1,従業者規模別で表示する,103,30～99人,47,124620,-,-,39.8,73.7,-0.0791,-,-
2021,11,18,福井県,1,従業者規模別で表示する,104,100人以上,5,35670,-,-,39,59.9,-0.2559,-,-
2021,11,18,福井県,2,宿泊施設タイプ別で表示する,200,すべての宿泊施設タイプ,808,267320,266690,630,24.5,49,-0.1516,-0.1512,-0.2921
2021,11,18,福井県,2,宿泊施設タイプ別で表示する,201,旅館,430,115630,115510,120,16.7,31,-0.28,-0.2802,0
2021,11,18,福井県,2,宿泊施設タイプ別で表示する,202,リゾートホテル,20,14920,14880,40,30.5,60.6,-0.2743,-0.2763,-
2021,11,18,福井県,2,宿泊施設タイプ別で表示する,203,ビジネスホテル,70,112350,111890,460,54.9,75.1,0.0002,0.0021,-0.3134
2021,11,18,福井県,2,宿泊施設タイプ別で表示する,204,シティホテル,10,15290,15280,10,40.6,55.9,0.2471,0.2494,-0.6667
2021,11,18,福井県,2,宿泊施設タイプ別で表示する,205,会社・団体の宿泊所,-,-,-,-,-,-,-,-,-
2021,11,18,福井県,2,宿泊施設タイプ別で表示する,207,簡易宿所,280,9120,9120,0,8.6,17.3,-0.0236,-0.0162,-1
2021,12,18,福井県,1,従業者規模別で表示する,100,すべての従業者規模,807,258310,257560,750,22.7,43.6,0.0864,0.0866,0.0135
2021,12,18,福井県,1,従業者規模別で表示する,101,0～9人,690,34150,-,-,6.4,11.2,-0.1518,-,-
2021,12,18,福井県,1,従業者規模別で表示する,102,10～29人,65,67640,-,-,35.4,57.9,0.2165,-,-
2021,12,18,福井県,1,従業者規模別で表示する,103,30～99人,47,118950,-,-,36.8,65.5,0.1438,-,-
2021,12,18,福井県,1,従業者規模別で表示する,104,100人以上,5,37570,-,-,39.7,56.5,-0.0087,-,-
2021,12,18,福井県,2,宿泊施設タイプ別で表示する,200,すべての宿泊施設タイプ,807,258310,257560,750,22.7,43.6,0.0864,0.0866,0.0135
2021,12,18,福井県,2,宿泊施設タイプ別で表示する,201,旅館,440,114870,114780,90,15.8,24.7,0.0124,0.0116,-
2021,12,18,福井県,2,宿泊施設タイプ別で表示する,202,リゾートホテル,20,9490,9490,0,22.3,44,-0.3173,-0.3173,-
2021,12,18,福井県,2,宿泊施設タイプ別で表示する,203,ビジネスホテル,60,111160,110570,590,54,71.7,0.1783,0.1797,-0.0328
2021,12,18,福井県,2,宿泊施設タイプ別で表示する,204,シティホテル,10,14470,14400,70,36.8,49.3,0.8133,0.809,2.5
2021,12,18,福井県,2,宿泊施設タイプ別で表示する,205,会社・団体の宿泊所,-,-,-,-,-,-,-,-,-
2021,12,18,福井県,2,宿泊施設タイプ別で表示する,207,簡易宿所,280,8320,8320,0,6.6,15.2,0.0297,0.0426,-1
